TestCase,username,password
TC001,json derulo,Derulo123
TC002,Voldemort,CSharp3Days
TC003,APCargo,Release1OutOf10
TC003,APCargo,Release1OutOf10
TC003,APCargo,Release1OutOf10
TC003,APCargo,Release1OutOf10
TC003,APCargo,Release1OutOf10
TC003,APCargo,Release1OutOf10
TC003,APCargo,Release1OutOf10
TC003,APCargo,Release1OutOf10
TC003,APCargo,Release1OutOf10
TC003,APCargo,Release1OutOf10
TC003,APCargo,Release1OutOf10
TC003,APCargo,Release1OutOf10
TC003,APCargo,Release1OutOf10
TC003,APCargo,Release1OutOf10
TC003,APCargo,Release1OutOf10
TC003,APCargo,Release1OutOf10
TC003,APCargo,Release1OutOf10
TC003,APCargo,Release1OutOf10
TC003,APCargo,Release1OutOf10
TC003,APCargo,Release1OutOf10
TC003,APCargo,Release1OutOf10
TC095,APCargo,Release1OutOf10
TC096,APCargo,Release1OutOf10
TC097,APCargo,Release1OutOf10
TC098,APCargo,Release1OutOf10
TC099,APCargo,Release1OutOf10
TC195,APCargo,Release1OutOf10
TC295,APCargo,Release1OutOf10
TC395,APCargo,Release1OutOf10
TC495,APCargo,Release1OutOf10
TC695,APCargo,Release1OutOf10
TC085,APCargo,Release1OutOf10
TC045,APCargo,Release1outOf10